id_lote,tipo_lote,nome_lote,id_propriedade,status,descricao,qtd_max,geo_mapa,area_m2,created_at,updated_at,id_grupo,deleted_at
1b0e9af7-76df-461d-92c6-eb0f63ebb49a,,Secagem 01,e7625c27-da8d-4ffa-a514-0c191b1fb1e3,ativo,Secagem 01,50,"{""type"":""Polygon"",""coordinates"":[[[-47.99,-24.71],[-47.98863,-24.71],[-47.98863,-24.708750000000002],[-47.99,-24.708750000000002],[-47.99,-24.71]]]}",19197.00,2025-12-06 23:08:46.441+00,2025-12-06 23:08:51.442+00,5365a78d-a337-4213-b36b-0a4c1f83233b,
61a55731-a125-4872-9848-e88eff229951,,Secagem 02,e7625c27-da8d-4ffa-a514-0c191b1fb1e3,ativo,Secagem 02,50,"{""type"":""Polygon"",""coordinates"":[[[-47.98863,-24.71],[-47.98726,-24.71],[-47.98726,-24.708750000000002],[-47.98863,-24.708750000000002],[-47.98863,-24.71]]]}",19197.00,2025-12-06 23:09:46.442+00,2025-12-06 23:09:51.442+00,5365a78d-a337-4213-b36b-0a4c1f83233b,
d10df854-043f-4141-8079-4a5956c8f819,,Secagem 03,e7625c27-da8d-4ffa-a514-0c191b1fb1e3,ativo,Secagem 03,50,"{""type"":""Polygon"",""coordinates"":[[[-47.98726,-24.71],[-47.98589,-24.71],[-47.98589,-24.708750000000002],[-47.98726,-24.708750000000002],[-47.98726,-24.71]]]}",19197.00,2025-12-06 23:10:46.442+00,2025-12-06 23:10:51.442+00,5365a78d-a337-4213-b36b-0a4c1f83233b,
611161e6-66ad-4ff0-a029-d8e179c7302f,,Secagem 04,e7625c27-da8d-4ffa-a514-0c191b1fb1e3,ativo,Secagem 04,50,"{""type"":""Polygon"",""coordinates"":[[[-47.98589,-24.71],[-47.984519999999996,-24.71],[-47.984519999999996,-24.708750000000002],[-47.98589,-24.708750000000002],[-47.98589,-24.71]]]}",19197.00,2025-12-06 23:11:46.442+00,2025-12-06 23:11:51.442+00,5365a78d-a337-4213-b36b-0a4c1f83233b,
3576090e-b7b5-469a-bbce-b0cf49c5f097,,Secagem 05,e7625c27-da8d-4ffa-a514-0c191b1fb1e3,ativo,Secagem 05,50,"{""type"":""Polygon"",""coordinates"":[[[-47.984519999999996,-24.71],[-47.983149999999995,-24.71],[-47.983149999999995,-24.708750000000002],[-47.984519999999996,-24.708750000000002],[-47.984519999999996,-24.71]]]}",19197.00,2025-12-06 23:12:46.442+00,2025-12-06 23:12:51.442+00,5365a78d-a337-4213-b36b-0a4c1f83233b,
586c0d30-e360-4b95-989f-a0a4dfe6b232,,Secagem 06,e7625c27-da8d-4ffa-a514-0c191b1fb1e3,ativo,Secagem 06,50,"{""type"":""Polygon"",""coordinates"":[[[-47.983149999999995,-24.71],[-47.98177999999999,-24.71],[-47.98177999999999,-24.708750000000002],[-47.983149999999995,-24.708750000000002],[-47.983149999999995,-24.71]]]}",19197.00,2025-12-06 23:13:46.442+00,2025-12-06 23:13:51.442+00,5365a78d-a337-4213-b36b-0a4c1f83233b,
3a59cbac-33b6-4ee4-9c2b-cd91e5d56ce6,,Secagem 07,e7625c27-da8d-4ffa-a514-0c191b1fb1e3,ativo,Secagem 07,50,"{""type"":""Polygon"",""coordinates"":[[[-47.98177999999999,-24.71],[-47.98040999999999,-24.71],[-47.98040999999999,-24.708750000000002],[-47.98177999999999,-24.708750000000002],[-47.98177999999999,-24.71]]]}",19197.00,2025-12-06 23:14:46.442+00,2025-12-06 23:14:51.442+00,5365a78d-a337-4213-b36b-0a4c1f83233b,
dfa4c2f1-9460-48e6-8173-64cdc424628a,,Secagem 08,e7625c27-da8d-4ffa-a514-0c191b1fb1e3,ativo,Secagem 08,50,"{""type"":""Polygon"",""coordinates"":[[[-47.98040999999999,-24.71],[-47.97903999999999,-24.71],[-47.97903999999999,-24.708750000000002],[-47.98040999999999,-24.708750000000002],[-47.98040999999999,-24.71]]]}",19197.00,2025-12-06 23:15:46.442+00,2025-12-06 23:15:51.442+00,5365a78d-a337-4213-b36b-0a4c1f83233b,
4224614d-65cd-4a31-98fa-c59d37401d71,,Secagem 09,e7625c27-da8d-4ffa-a514-0c191b1fb1e3,ativo,Secagem 09,50,"{""type"":""Polygon"",""coordinates"":[[[-47.97903999999999,-24.71],[-47.97766999999999,-24.71],[-47.97766999999999,-24.708750000000002],[-47.97903999999999,-24.708750000000002],[-47.97903999999999,-24.71]]]}",19197.00,2025-12-06 23:16:46.442+00,2025-12-06 23:16:51.442+00,5365a78d-a337-4213-b36b-0a4c1f83233b,
96ed9641-150e-4057-b3fb-a693abaeccdb,,Secagem 10,e7625c27-da8d-4ffa-a514-0c191b1fb1e3,ativo,Secagem 10,50,"{""type"":""Polygon"",""coordinates"":[[[-47.97766999999999,-24.71],[-47.97629999999999,-24.71],[-47.97629999999999,-24.708750000000002],[-47.97766999999999,-24.708750000000002],[-47.97766999999999,-24.71]]]}",19197.00,2025-12-06 23:17:46.442+00,2025-12-06 23:17:51.442+00,5365a78d-a337-4213-b36b-0a4c1f83233b,
600926c8-3ea6-499e-836e-67f4cf55c858,,Secagem 11,e7625c27-da8d-4ffa-a514-0c191b1fb1e3,ativo,Secagem 11,50,"{""type"":""Polygon"",""coordinates"":[[[-47.99,-24.708750000000002],[-47.98863,-24.708750000000002],[-47.98863,-24.707500000000003],[-47.99,-24.707500000000003],[-47.99,-24.708750000000002]]]}",19197.00,2025-12-06 23:18:46.442+00,2025-12-06 23:18:51.442+00,5365a78d-a337-4213-b36b-0a4c1f83233b,
7dc432e4-c418-4295-a4cc-ef3f83e2fd26,,Secagem 12,e7625c27-da8d-4ffa-a514-0c191b1fb1e3,ativo,Secagem 12,50,"{""type"":""Polygon"",""coordinates"":[[[-47.98863,-24.708750000000002],[-47.98726,-24.708750000000002],[-47.98726,-24.707500000000003],[-47.98863,-24.707500000000003],[-47.98863,-24.708750000000002]]]}",19197.00,2025-12-06 23:19:46.442+00,2025-12-06 23:19:51.442+00,5365a78d-a337-4213-b36b-0a4c1f83233b,
537120db-1ae8-4589-84c4-6ec925b79f94,,Secagem 13,e7625c27-da8d-4ffa-a514-0c191b1fb1e3,ativo,Secagem 13,50,"{""type"":""Polygon"",""coordinates"":[[[-47.98726,-24.708750000000002],[-47.98589,-24.708750000000002],[-47.98589,-24.707500000000003],[-47.98726,-24.707500000000003],[-47.98726,-24.708750000000002]]]}",19197.00,2025-12-06 23:20:46.442+00,2025-12-06 23:20:51.442+00,5365a78d-a337-4213-b36b-0a4c1f83233b,
740f200e-642f-4275-bf91-dd06a1b762c8,,Secagem 14,e7625c27-da8d-4ffa-a514-0c191b1fb1e3,ativo,Secagem 14,50,"{""type"":""Polygon"",""coordinates"":[[[-47.98589,-24.708750000000002],[-47.984519999999996,-24.708750000000002],[-47.984519999999996,-24.707500000000003],[-47.98589,-24.707500000000003],[-47.98589,-24.708750000000002]]]}",19197.00,2025-12-06 23:21:46.442+00,2025-12-06 23:21:51.442+00,5365a78d-a337-4213-b36b-0a4c1f83233b,
a05dc3da-38d3-499b-8cff-f2deda301652,,Secagem 15,e7625c27-da8d-4ffa-a514-0c191b1fb1e3,ativo,Secagem 15,50,"{""type"":""Polygon"",""coordinates"":[[[-47.984519999999996,-24.708750000000002],[-47.983149999999995,-24.708750000000002],[-47.983149999999995,-24.707500000000003],[-47.984519999999996,-24.707500000000003],[-47.984519999999996,-24.708750000000002]]]}",19197.00,2025-12-06 23:22:46.442+00,2025-12-06 23:22:51.442+00,5365a78d-a337-4213-b36b-0a4c1f83233b,
66e0611e-e678-4154-88a8-0789c145ac54,,Secagem 16,e7625c27-da8d-4ffa-a514-0c191b1fb1e3,ativo,Secagem 16,50,"{""type"":""Polygon"",""coordinates"":[[[-47.983149999999995,-24.708750000000002],[-47.98177999999999,-24.708750000000002],[-47.98177999999999,-24.707500000000003],[-47.983149999999995,-24.707500000000003],[-47.983149999999995,-24.708750000000002]]]}",19197.00,2025-12-06 23:23:46.442+00,2025-12-06 23:23:51.442+00,5365a78d-a337-4213-b36b-0a4c1f83233b,
559c206c-c980-4a28-8401-a1185f9a4d88,,Secagem 17,e7625c27-da8d-4ffa-a514-0c191b1fb1e3,ativo,Secagem 17,50,"{""type"":""Polygon"",""coordinates"":[[[-47.98177999999999,-24.708750000000002],[-47.98040999999999,-24.708750000000002],[-47.98040999999999,-24.707500000000003],[-47.98177999999999,-24.707500000000003],[-47.98177999999999,-24.708750000000002]]]}",19197.00,2025-12-06 23:24:46.443+00,2025-12-06 23:24:51.443+00,5365a78d-a337-4213-b36b-0a4c1f83233b,
f10c3fd9-9e44-4e2e-b04f-1b935ebf4c40,,Secagem 18,e7625c27-da8d-4ffa-a514-0c191b1fb1e3,ativo,Secagem 18,50,"{""type"":""Polygon"",""coordinates"":[[[-47.98040999999999,-24.708750000000002],[-47.97903999999999,-24.708750000000002],[-47.97903999999999,-24.707500000000003],[-47.98040999999999,-24.707500000000003],[-47.98040999999999,-24.708750000000002]]]}",19197.00,2025-12-06 23:25:46.443+00,2025-12-06 23:25:51.443+00,5365a78d-a337-4213-b36b-0a4c1f83233b,
bb311303-1462-4d85-a329-6427d5a0fbbf,,Secagem 19,e7625c27-da8d-4ffa-a514-0c191b1fb1e3,ativo,Secagem 19,50,"{""type"":""Polygon"",""coordinates"":[[[-47.97903999999999,-24.708750000000002],[-47.97766999999999,-24.708750000000002],[-47.97766999999999,-24.707500000000003],[-47.97903999999999,-24.707500000000003],[-47.97903999999999,-24.708750000000002]]]}",19197.00,2025-12-06 23:26:46.443+00,2025-12-06 23:26:51.443+00,5365a78d-a337-4213-b36b-0a4c1f83233b,
2e5e7cd6-619b-4f43-8770-1fd7d976c801,,Secagem 20,e7625c27-da8d-4ffa-a514-0c191b1fb1e3,ativo,Secagem 20,50,"{""type"":""Polygon"",""coordinates"":[[[-47.97766999999999,-24.708750000000002],[-47.97629999999999,-24.708750000000002],[-47.97629999999999,-24.707500000000003],[-47.97766999999999,-24.707500000000003],[-47.97766999999999,-24.708750000000002]]]}",19197.00,2025-12-06 23:27:46.443+00,2025-12-06 23:27:51.443+00,5365a78d-a337-4213-b36b-0a4c1f83233b,
26c00063-b677-4426-8c7b-dc052d564331,,Secagem 21,e7625c27-da8d-4ffa-a514-0c191b1fb1e3,ativo,Secagem 21,50,"{""type"":""Polygon"",""coordinates"":[[[-47.99,-24.707500000000003],[-47.98863,-24.707500000000003],[-47.98863,-24.706250000000004],[-47.99,-24.706250000000004],[-47.99,-24.707500000000003]]]}",19197.00,2025-12-06 23:28:46.443+00,2025-12-06 23:28:51.443+00,5365a78d-a337-4213-b36b-0a4c1f83233b,
4d847727-197c-4f38-a3e5-e2943ec4fd20,,Secagem 22,e7625c27-da8d-4ffa-a514-0c191b1fb1e3,ativo,Secagem 22,50,"{""type"":""Polygon"",""coordinates"":[[[-47.98863,-24.707500000000003],[-47.98726,-24.707500000000003],[-47.98726,-24.706250000000004],[-47.98863,-24.706250000000004],[-47.98863,-24.707500000000003]]]}",19197.00,2025-12-06 23:29:46.443+00,2025-12-06 23:29:51.443+00,5365a78d-a337-4213-b36b-0a4c1f83233b,
82f29ac1-b27c-4a7b-82d6-e688c2914fb2,,Secagem 23,e7625c27-da8d-4ffa-a514-0c191b1fb1e3,ativo,Secagem 23,50,"{""type"":""Polygon"",""coordinates"":[[[-47.98726,-24.707500000000003],[-47.98589,-24.707500000000003],[-47.98589,-24.706250000000004],[-47.98726,-24.706250000000004],[-47.98726,-24.707500000000003]]]}",19197.00,2025-12-06 23:30:46.443+00,2025-12-06 23:30:51.443+00,5365a78d-a337-4213-b36b-0a4c1f83233b,
f9b354e0-239f-40ee-abbd-35910b69657b,,Secagem 24,e7625c27-da8d-4ffa-a514-0c191b1fb1e3,ativo,Secagem 24,50,"{""type"":""Polygon"",""coordinates"":[[[-47.98589,-24.707500000000003],[-47.984519999999996,-24.707500000000003],[-47.984519999999996,-24.706250000000004],[-47.98589,-24.706250000000004],[-47.98589,-24.707500000000003]]]}",19197.00,2025-12-06 23:31:46.443+00,2025-12-06 23:31:51.443+00,5365a78d-a337-4213-b36b-0a4c1f83233b,
9f864185-3c5a-4bb0-beeb-fa1d099c752a,,Secagem 25,e7625c27-da8d-4ffa-a514-0c191b1fb1e3,ativo,Secagem 25,50,"{""type"":""Polygon"",""coordinates"":[[[-47.984519999999996,-24.707500000000003],[-47.983149999999995,-24.707500000000003],[-47.983149999999995,-24.706250000000004],[-47.984519999999996,-24.706250000000004],[-47.984519999999996,-24.707500000000003]]]}",19197.00,2025-12-06 23:32:46.443+00,2025-12-06 23:32:51.443+00,5365a78d-a337-4213-b36b-0a4c1f83233b,
ca031428-fdbd-4351-aab2-e08d6da97692,,Secagem 26,e7625c27-da8d-4ffa-a514-0c191b1fb1e3,ativo,Secagem 26,50,"{""type"":""Polygon"",""coordinates"":[[[-47.983149999999995,-24.707500000000003],[-47.98177999999999,-24.707500000000003],[-47.98177999999999,-24.706250000000004],[-47.983149999999995,-24.706250000000004],[-47.983149999999995,-24.707500000000003]]]}",19197.00,2025-12-06 23:33:46.443+00,2025-12-06 23:33:51.443+00,5365a78d-a337-4213-b36b-0a4c1f83233b,
1819a436-e39b-432c-85d2-f037e1ec447b,,Secagem 27,e7625c27-da8d-4ffa-a514-0c191b1fb1e3,ativo,Secagem 27,50,"{""type"":""Polygon"",""coordinates"":[[[-47.98177999999999,-24.707500000000003],[-47.98040999999999,-24.707500000000003],[-47.98040999999999,-24.706250000000004],[-47.98177999999999,-24.706250000000004],[-47.98177999999999,-24.707500000000003]]]}",19197.00,2025-12-06 23:34:46.443+00,2025-12-06 23:34:51.443+00,5365a78d-a337-4213-b36b-0a4c1f83233b,
57dbb222-ee0e-43f0-b250-87522dc87961,,Secagem 28,e7625c27-da8d-4ffa-a514-0c191b1fb1e3,ativo,Secagem 28,50,"{""type"":""Polygon"",""coordinates"":[[[-47.98040999999999,-24.707500000000003],[-47.97903999999999,-24.707500000000003],[-47.97903999999999,-24.706250000000004],[-47.98040999999999,-24.706250000000004],[-47.98040999999999,-24.707500000000003]]]}",19197.00,2025-12-06 23:35:46.443+00,2025-12-06 23:35:51.443+00,5365a78d-a337-4213-b36b-0a4c1f83233b,
dffad3e5-07d0-4605-a7dc-58b647a474da,,Secagem 29,e7625c27-da8d-4ffa-a514-0c191b1fb1e3,ativo,Secagem 29,50,"{""type"":""Polygon"",""coordinates"":[[[-47.97903999999999,-24.707500000000003],[-47.97766999999999,-24.707500000000003],[-47.97766999999999,-24.706250000000004],[-47.97903999999999,-24.706250000000004],[-47.97903999999999,-24.707500000000003]]]}",19197.00,2025-12-06 23:36:46.443+00,2025-12-06 23:36:51.443+00,5365a78d-a337-4213-b36b-0a4c1f83233b,
c278bef8-5295-4c2f-a9ab-31ab81223266,,Secagem 30,e7625c27-da8d-4ffa-a514-0c191b1fb1e3,ativo,Secagem 30,50,"{""type"":""Polygon"",""coordinates"":[[[-47.97766999999999,-24.707500000000003],[-47.97629999999999,-24.707500000000003],[-47.97629999999999,-24.706250000000004],[-47.97766999999999,-24.706250000000004],[-47.97766999999999,-24.707500000000003]]]}",19197.00,2025-12-06 23:37:46.443+00,2025-12-06 23:37:51.443+00,5365a78d-a337-4213-b36b-0a4c1f83233b,
ed2aec52-d412-4cd2-b771-bdb76fec5f06,,Inicio 01,e7625c27-da8d-4ffa-a514-0c191b1fb1e3,ativo,Inicio 01,50,"{""type"":""Polygon"",""coordinates"":[[[-47.99,-24.705000000000002],[-47.98863,-24.705000000000002],[-47.98863,-24.703750000000003],[-47.99,-24.703750000000003],[-47.99,-24.705000000000002]]]}",19197.00,2025-12-06 23:38:46.443+00,2025-12-06 23:38:51.443+00,5d286ffa-bbb0-429e-b009-d09bfb554659,
517db85d-2db7-417f-bb85-22f9bb4a1bc0,,Inicio 02,e7625c27-da8d-4ffa-a514-0c191b1fb1e3,ativo,Inicio 02,50,"{""type"":""Polygon"",""coordinates"":[[[-47.98863,-24.705000000000002],[-47.98726,-24.705000000000002],[-47.98726,-24.703750000000003],[-47.98863,-24.703750000000003],[-47.98863,-24.705000000000002]]]}",19197.00,2025-12-06 23:39:46.443+00,2025-12-06 23:39:51.443+00,5d286ffa-bbb0-429e-b009-d09bfb554659,
a7798b71-e1ff-45b8-b7f7-d8324762694d,,Inicio 03,e7625c27-da8d-4ffa-a514-0c191b1fb1e3,ativo,Inicio 03,50,"{""type"":""Polygon"",""coordinates"":[[[-47.98726,-24.705000000000002],[-47.98589,-24.705000000000002],[-47.98589,-24.703750000000003],[-47.98726,-24.703750000000003],[-47.98726,-24.705000000000002]]]}",19197.00,2025-12-06 23:40:46.443+00,2025-12-06 23:40:51.443+00,5d286ffa-bbb0-429e-b009-d09bfb554659,
5a3ee796-3389-4b51-8bb2-a9468a965f4a,,Inicio 04,e7625c27-da8d-4ffa-a514-0c191b1fb1e3,ativo,Inicio 04,50,"{""type"":""Polygon"",""coordinates"":[[[-47.98589,-24.705000000000002],[-47.984519999999996,-24.705000000000002],[-47.984519999999996,-24.703750000000003],[-47.98589,-24.703750000000003],[-47.98589,-24.705000000000002]]]}",19197.00,2025-12-06 23:41:46.443+00,2025-12-06 23:41:51.443+00,5d286ffa-bbb0-429e-b009-d09bfb554659,
d39f7bc5-2451-4592-912f-4bb1010aeb23,,Inicio 05,e7625c27-da8d-4ffa-a514-0c191b1fb1e3,ativo,Inicio 05,50,"{""type"":""Polygon"",""coordinates"":[[[-47.984519999999996,-24.705000000000002],[-47.983149999999995,-24.705000000000002],[-47.983149999999995,-24.703750000000003],[-47.984519999999996,-24.703750000000003],[-47.984519999999996,-24.705000000000002]]]}",19197.00,2025-12-06 23:42:46.443+00,2025-12-06 23:42:51.443+00,5d286ffa-bbb0-429e-b009-d09bfb554659,
2453561d-74e2-4fa8-8f6e-a53d9b81a843,,Inicio 06,e7625c27-da8d-4ffa-a514-0c191b1fb1e3,ativo,Inicio 06,50,"{""type"":""Polygon"",""coordinates"":[[[-47.983149999999995,-24.705000000000002],[-47.98177999999999,-24.705000000000002],[-47.98177999999999,-24.703750000000003],[-47.983149999999995,-24.703750000000003],[-47.983149999999995,-24.705000000000002]]]}",19197.00,2025-12-06 23:43:46.443+00,2025-12-06 23:43:51.443+00,5d286ffa-bbb0-429e-b009-d09bfb554659,
c0adc947-39cd-4318-a72a-1e2f74a89e0a,,Inicio 07,e7625c27-da8d-4ffa-a514-0c191b1fb1e3,ativo,Inicio 07,50,"{""type"":""Polygon"",""coordinates"":[[[-47.98177999999999,-24.705000000000002],[-47.98040999999999,-24.705000000000002],[-47.98040999999999,-24.703750000000003],[-47.98177999999999,-24.703750000000003],[-47.98177999999999,-24.705000000000002]]]}",19197.00,2025-12-06 23:44:46.443+00,2025-12-06 23:44:51.443+00,5d286ffa-bbb0-429e-b009-d09bfb554659,
5a52eb50-2ec8-4e98-9e6f-d82b31acac01,,Inicio 08,e7625c27-da8d-4ffa-a514-0c191b1fb1e3,ativo,Inicio 08,50,"{""type"":""Polygon"",""coordinates"":[[[-47.98040999999999,-24.705000000000002],[-47.97903999999999,-24.705000000000002],[-47.97903999999999,-24.703750000000003],[-47.98040999999999,-24.703750000000003],[-47.98040999999999,-24.705000000000002]]]}",19197.00,2025-12-06 23:45:46.443+00,2025-12-06 23:45:51.443+00,5d286ffa-bbb0-429e-b009-d09bfb554659,
fa6480a1-af4b-49aa-927f-9673a0738ba0,,Inicio 09,e7625c27-da8d-4ffa-a514-0c191b1fb1e3,ativo,Inicio 09,50,"{""type"":""Polygon"",""coordinates"":[[[-47.97903999999999,-24.705000000000002],[-47.97766999999999,-24.705000000000002],[-47.97766999999999,-24.703750000000003],[-47.97903999999999,-24.703750000000003],[-47.97903999999999,-24.705000000000002]]]}",19197.00,2025-12-06 23:46:46.443+00,2025-12-06 23:46:51.443+00,5d286ffa-bbb0-429e-b009-d09bfb554659,
12845c55-d8c6-4909-bcd4-6703114a0038,,Inicio 10,e7625c27-da8d-4ffa-a514-0c191b1fb1e3,ativo,Inicio 10,50,"{""type"":""Polygon"",""coordinates"":[[[-47.97766999999999,-24.705000000000002],[-47.97629999999999,-24.705000000000002],[-47.97629999999999,-24.703750000000003],[-47.97766999999999,-24.703750000000003],[-47.97766999999999,-24.705000000000002]]]}",19197.00,2025-12-06 23:47:46.443+00,2025-12-06 23:47:51.443+00,5d286ffa-bbb0-429e-b009-d09bfb554659,
acdc30a3-bbf3-4797-a41c-8f4df7d5ddc1,,Inicio 11,e7625c27-da8d-4ffa-a514-0c191b1fb1e3,ativo,Inicio 11,50,"{""type"":""Polygon"",""coordinates"":[[[-47.99,-24.703750000000003],[-47.98863,-24.703750000000003],[-47.98863,-24.702500000000004],[-47.99,-24.702500000000004],[-47.99,-24.703750000000003]]]}",19197.00,2025-12-06 23:48:46.443+00,2025-12-06 23:48:51.443+00,5d286ffa-bbb0-429e-b009-d09bfb554659,
52df1fa6-9a4a-420d-9f5a-c94da44ed5a6,,Inicio 12,e7625c27-da8d-4ffa-a514-0c191b1fb1e3,ativo,Inicio 12,50,"{""type"":""Polygon"",""coordinates"":[[[-47.98863,-24.703750000000003],[-47.98726,-24.703750000000003],[-47.98726,-24.702500000000004],[-47.98863,-24.702500000000004],[-47.98863,-24.703750000000003]]]}",19197.00,2025-12-06 23:49:46.443+00,2025-12-06 23:49:51.443+00,5d286ffa-bbb0-429e-b009-d09bfb554659,
d50d0c0c-f8bd-45aa-b922-03ce2755bf08,,Inicio 13,e7625c27-da8d-4ffa-a514-0c191b1fb1e3,ativo,Inicio 13,50,"{""type"":""Polygon"",""coordinates"":[[[-47.98726,-24.703750000000003],[-47.98589,-24.703750000000003],[-47.98589,-24.702500000000004],[-47.98726,-24.702500000000004],[-47.98726,-24.703750000000003]]]}",19197.00,2025-12-06 23:50:46.443+00,2025-12-06 23:50:51.443+00,5d286ffa-bbb0-429e-b009-d09bfb554659,
8d31740e-606e-4b57-b48a-672298c30b2d,,Inicio 14,e7625c27-da8d-4ffa-a514-0c191b1fb1e3,ativo,Inicio 14,50,"{""type"":""Polygon"",""coordinates"":[[[-47.98589,-24.703750000000003],[-47.984519999999996,-24.703750000000003],[-47.984519999999996,-24.702500000000004],[-47.98589,-24.702500000000004],[-47.98589,-24.703750000000003]]]}",19197.00,2025-12-06 23:51:46.443+00,2025-12-06 23:51:51.443+00,5d286ffa-bbb0-429e-b009-d09bfb554659,
1c0831c1-73f7-48ab-af6a-90aca41d489c,,Inicio 15,e7625c27-da8d-4ffa-a514-0c191b1fb1e3,ativo,Inicio 15,50,"{""type"":""Polygon"",""coordinates"":[[[-47.984519999999996,-24.703750000000003],[-47.983149999999995,-24.703750000000003],[-47.983149999999995,-24.702500000000004],[-47.984519999999996,-24.702500000000004],[-47.984519999999996,-24.703750000000003]]]}",19197.00,2025-12-06 23:52:46.443+00,2025-12-06 23:52:51.443+00,5d286ffa-bbb0-429e-b009-d09bfb554659,
18aaf8f6-e954-417c-8a7f-df6868a02bef,,Inicio 16,e7625c27-da8d-4ffa-a514-0c191b1fb1e3,ativo,Inicio 16,50,"{""type"":""Polygon"",""coordinates"":[[[-47.983149999999995,-24.703750000000003],[-47.98177999999999,-24.703750000000003],[-47.98177999999999,-24.702500000000004],[-47.983149999999995,-24.702500000000004],[-47.983149999999995,-24.703750000000003]]]}",19197.00,2025-12-06 23:53:46.443+00,2025-12-06 23:53:51.443+00,5d286ffa-bbb0-429e-b009-d09bfb554659,
8eedd25b-e8ea-4a1f-ab7b-5b23be2e7105,,Inicio 17,e7625c27-da8d-4ffa-a514-0c191b1fb1e3,ativo,Inicio 17,50,"{""type"":""Polygon"",""coordinates"":[[[-47.98177999999999,-24.703750000000003],[-47.98040999999999,-24.703750000000003],[-47.98040999999999,-24.702500000000004],[-47.98177999999999,-24.702500000000004],[-47.98177999999999,-24.703750000000003]]]}",19197.00,2025-12-06 23:54:46.443+00,2025-12-06 23:54:51.443+00,5d286ffa-bbb0-429e-b009-d09bfb554659,
e59b35fb-998f-4b35-a8c5-d3133e8528e7,,Inicio 18,e7625c27-da8d-4ffa-a514-0c191b1fb1e3,ativo,Inicio 18,50,"{""type"":""Polygon"",""coordinates"":[[[-47.98040999999999,-24.703750000000003],[-47.97903999999999,-24.703750000000003],[-47.97903999999999,-24.702500000000004],[-47.98040999999999,-24.702500000000004],[-47.98040999999999,-24.703750000000003]]]}",19197.00,2025-12-06 23:55:46.443+00,2025-12-06 23:55:51.443+00,5d286ffa-bbb0-429e-b009-d09bfb554659,
ba72b1ba-e4c1-48e8-8c3e-82cb2c2fb02b,,Inicio 19,e7625c27-da8d-4ffa-a514-0c191b1fb1e3,ativo,Inicio 19,50,"{""type"":""Polygon"",""coordinates"":[[[-47.97903999999999,-24.703750000000003],[-47.97766999999999,-24.703750000000003],[-47.97766999999999,-24.702500000000004],[-47.97903999999999,-24.702500000000004],[-47.97903999999999,-24.703750000000003]]]}",19197.00,2025-12-06 23:56:46.443+00,2025-12-06 23:56:51.443+00,5d286ffa-bbb0-429e-b009-d09bfb554659,
e15dfa18-05a6-437d-86be-31d4a7975c5d,,Inicio 20,e7625c27-da8d-4ffa-a514-0c191b1fb1e3,ativo,Inicio 20,50,"{""type"":""Polygon"",""coordinates"":[[[-47.97766999999999,-24.703750000000003],[-47.97629999999999,-24.703750000000003],[-47.97629999999999,-24.702500000000004],[-47.97766999999999,-24.702500000000004],[-47.97766999999999,-24.703750000000003]]]}",19197.00,2025-12-06 23:57:46.443+00,2025-12-06 23:57:51.443+00,5d286ffa-bbb0-429e-b009-d09bfb554659,
8aff1be5-c8c6-4b34-bd66-440966d02764,,Inicio 21,e7625c27-da8d-4ffa-a514-0c191b1fb1e3,ativo,Inicio 21,50,"{""type"":""Polygon"",""coordinates"":[[[-47.99,-24.702500000000004],[-47.98863,-24.702500000000004],[-47.98863,-24.701250000000005],[-47.99,-24.701250000000005],[-47.99,-24.702500000000004]]]}",19197.00,2025-12-06 23:58:46.443+00,2025-12-06 23:58:51.443+00,5d286ffa-bbb0-429e-b009-d09bfb554659,
0fd7d854-4a5c-473b-b8f4-0f755c41fa82,,Inicio 22,e7625c27-da8d-4ffa-a514-0c191b1fb1e3,ativo,Inicio 22,50,"{""type"":""Polygon"",""coordinates"":[[[-47.98863,-24.702500000000004],[-47.98726,-24.702500000000004],[-47.98726,-24.701250000000005],[-47.98863,-24.701250000000005],[-47.98863,-24.702500000000004]]]}",19197.00,2025-12-06 23:59:46.443+00,2025-12-06 23:59:51.443+00,5d286ffa-bbb0-429e-b009-d09bfb554659,
af000252-1e3b-465c-90c3-46346857c83e,,Inicio 23,e7625c27-da8d-4ffa-a514-0c191b1fb1e3,ativo,Inicio 23,50,"{""type"":""Polygon"",""coordinates"":[[[-47.98726,-24.702500000000004],[-47.98589,-24.702500000000004],[-47.98589,-24.701250000000005],[-47.98726,-24.701250000000005],[-47.98726,-24.702500000000004]]]}",19197.00,2025-12-07 00:00:46.443+00,2025-12-07 00:00:51.443+00,5d286ffa-bbb0-429e-b009-d09bfb554659,
6d10f1e8-9cc9-436e-aab4-42075f149e73,,Inicio 24,e7625c27-da8d-4ffa-a514-0c191b1fb1e3,ativo,Inicio 24,50,"{""type"":""Polygon"",""coordinates"":[[[-47.98589,-24.702500000000004],[-47.984519999999996,-24.702500000000004],[-47.984519999999996,-24.701250000000005],[-47.98589,-24.701250000000005],[-47.98589,-24.702500000000004]]]}",19197.00,2025-12-07 00:01:46.443+00,2025-12-07 00:01:51.443+00,5d286ffa-bbb0-429e-b009-d09bfb554659,
2a5a7bf4-4015-452c-b52f-f7ed806cc553,,Inicio 25,e7625c27-da8d-4ffa-a514-0c191b1fb1e3,ativo,Inicio 25,50,"{""type"":""Polygon"",""coordinates"":[[[-47.984519999999996,-24.702500000000004],[-47.983149999999995,-24.702500000000004],[-47.983149999999995,-24.701250000000005],[-47.984519999999996,-24.701250000000005],[-47.984519999999996,-24.702500000000004]]]}",19197.00,2025-12-07 00:02:46.443+00,2025-12-07 00:02:51.443+00,5d286ffa-bbb0-429e-b009-d09bfb554659,
fb516b59-67ee-42a3-9061-2dc48989ba09,,Inicio 26,e7625c27-da8d-4ffa-a514-0c191b1fb1e3,ativo,Inicio 26,50,"{""type"":""Polygon"",""coordinates"":[[[-47.983149999999995,-24.702500000000004],[-47.98177999999999,-24.702500000000004],[-47.98177999999999,-24.701250000000005],[-47.983149999999995,-24.701250000000005],[-47.983149999999995,-24.702500000000004]]]}",19197.00,2025-12-07 00:03:46.443+00,2025-12-07 00:03:51.443+00,5d286ffa-bbb0-429e-b009-d09bfb554659,
4e832331-7f1b-42be-b9a0-d42f6ea4da86,,Inicio 27,e7625c27-da8d-4ffa-a514-0c191b1fb1e3,ativo,Inicio 27,50,"{""type"":""Polygon"",""coordinates"":[[[-47.98177999999999,-24.702500000000004],[-47.98040999999999,-24.702500000000004],[-47.98040999999999,-24.701250000000005],[-47.98177999999999,-24.701250000000005],[-47.98177999999999,-24.702500000000004]]]}",19197.00,2025-12-07 00:04:46.443+00,2025-12-07 00:04:51.443+00,5d286ffa-bbb0-429e-b009-d09bfb554659,
63564601-4590-4f32-a163-f14500e3804b,,Inicio 28,e7625c27-da8d-4ffa-a514-0c191b1fb1e3,ativo,Inicio 28,50,"{""type"":""Polygon"",""coordinates"":[[[-47.98040999999999,-24.702500000000004],[-47.97903999999999,-24.702500000000004],[-47.97903999999999,-24.701250000000005],[-47.98040999999999,-24.701250000000005],[-47.98040999999999,-24.702500000000004]]]}",19197.00,2025-12-07 00:05:46.443+00,2025-12-07 00:05:51.443+00,5d286ffa-bbb0-429e-b009-d09bfb554659,
4bea31ce-be98-4322-a09a-f1cd71d1b0ae,,Inicio 29,e7625c27-da8d-4ffa-a514-0c191b1fb1e3,ativo,Inicio 29,50,"{""type"":""Polygon"",""coordinates"":[[[-47.97903999999999,-24.702500000000004],[-47.97766999999999,-24.702500000000004],[-47.97766999999999,-24.701250000000005],[-47.97903999999999,-24.701250000000005],[-47.97903999999999,-24.702500000000004]]]}",19197.00,2025-12-07 00:06:46.443+00,2025-12-07 00:06:51.443+00,5d286ffa-bbb0-429e-b009-d09bfb554659,
f8506448-24f5-4fa8-943d-989cf3c94467,,Inicio 30,e7625c27-da8d-4ffa-a514-0c191b1fb1e3,ativo,Inicio 30,50,"{""type"":""Polygon"",""coordinates"":[[[-47.97766999999999,-24.702500000000004],[-47.97629999999999,-24.702500000000004],[-47.97629999999999,-24.701250000000005],[-47.97766999999999,-24.701250000000005],[-47.97766999999999,-24.702500000000004]]]}",19197.00,2025-12-07 00:07:46.443+00,2025-12-07 00:07:51.443+00,5d286ffa-bbb0-429e-b009-d09bfb554659,
5ab5ee6b-8344-4610-8cbb-46e885653f06,,Recria 01,e7625c27-da8d-4ffa-a514-0c191b1fb1e3,ativo,Recria 01,50,"{""type"":""Polygon"",""coordinates"":[[[-47.99,-24.700000000000003],[-47.98863,-24.700000000000003],[-47.98863,-24.698750000000004],[-47.99,-24.698750000000004],[-47.99,-24.700000000000003]]]}",19197.00,2025-12-07 00:08:46.443+00,2025-12-07 00:08:51.443+00,acb95814-3119-4b2f-8f03-5902e5094c9b,
6673035f-61f7-4e54-83fb-42192da0a38a,,Recria 02,e7625c27-da8d-4ffa-a514-0c191b1fb1e3,ativo,Recria 02,50,"{""type"":""Polygon"",""coordinates"":[[[-47.98863,-24.700000000000003],[-47.98726,-24.700000000000003],[-47.98726,-24.698750000000004],[-47.98863,-24.698750000000004],[-47.98863,-24.700000000000003]]]}",19197.00,2025-12-07 00:09:46.443+00,2025-12-07 00:09:51.443+00,acb95814-3119-4b2f-8f03-5902e5094c9b,
031ced04-d586-4865-948b-31e716a87277,,Recria 03,e7625c27-da8d-4ffa-a514-0c191b1fb1e3,ativo,Recria 03,50,"{""type"":""Polygon"",""coordinates"":[[[-47.98726,-24.700000000000003],[-47.98589,-24.700000000000003],[-47.98589,-24.698750000000004],[-47.98726,-24.698750000000004],[-47.98726,-24.700000000000003]]]}",19197.00,2025-12-07 00:10:46.443+00,2025-12-07 00:10:51.443+00,acb95814-3119-4b2f-8f03-5902e5094c9b,
1df251e4-f3cb-4dbb-bf66-17ef3d096940,,Recria 04,e7625c27-da8d-4ffa-a514-0c191b1fb1e3,ativo,Recria 04,50,"{""type"":""Polygon"",""coordinates"":[[[-47.98589,-24.700000000000003],[-47.984519999999996,-24.700000000000003],[-47.984519999999996,-24.698750000000004],[-47.98589,-24.698750000000004],[-47.98589,-24.700000000000003]]]}",19197.00,2025-12-07 00:11:46.443+00,2025-12-07 00:11:51.443+00,acb95814-3119-4b2f-8f03-5902e5094c9b,
6c473f7a-1640-4d51-9802-ed9c3019f279,,Recria 05,e7625c27-da8d-4ffa-a514-0c191b1fb1e3,ativo,Recria 05,50,"{""type"":""Polygon"",""coordinates"":[[[-47.984519999999996,-24.700000000000003],[-47.983149999999995,-24.700000000000003],[-47.983149999999995,-24.698750000000004],[-47.984519999999996,-24.698750000000004],[-47.984519999999996,-24.700000000000003]]]}",19197.00,2025-12-07 00:12:46.443+00,2025-12-07 00:12:51.443+00,acb95814-3119-4b2f-8f03-5902e5094c9b,
78a29b44-e45e-4503-9de0-5be85508a327,,Recria 06,e7625c27-da8d-4ffa-a514-0c191b1fb1e3,ativo,Recria 06,50,"{""type"":""Polygon"",""coordinates"":[[[-47.983149999999995,-24.700000000000003],[-47.98177999999999,-24.700000000000003],[-47.98177999999999,-24.698750000000004],[-47.983149999999995,-24.698750000000004],[-47.983149999999995,-24.700000000000003]]]}",19197.00,2025-12-07 00:13:46.443+00,2025-12-07 00:13:51.443+00,acb95814-3119-4b2f-8f03-5902e5094c9b,
61cde8c3-ff6b-448b-ba8b-29845e8fc7aa,,Recria 07,e7625c27-da8d-4ffa-a514-0c191b1fb1e3,ativo,Recria 07,50,"{""type"":""Polygon"",""coordinates"":[[[-47.98177999999999,-24.700000000000003],[-47.98040999999999,-24.700000000000003],[-47.98040999999999,-24.698750000000004],[-47.98177999999999,-24.698750000000004],[-47.98177999999999,-24.700000000000003]]]}",19197.00,2025-12-07 00:14:46.443+00,2025-12-07 00:14:51.443+00,acb95814-3119-4b2f-8f03-5902e5094c9b,
64e8e5c0-8e65-469f-9876-42ceadfd81b4,,Recria 08,e7625c27-da8d-4ffa-a514-0c191b1fb1e3,ativo,Recria 08,50,"{""type"":""Polygon"",""coordinates"":[[[-47.98040999999999,-24.700000000000003],[-47.97903999999999,-24.700000000000003],[-47.97903999999999,-24.698750000000004],[-47.98040999999999,-24.698750000000004],[-47.98040999999999,-24.700000000000003]]]}",19197.00,2025-12-07 00:15:46.443+00,2025-12-07 00:15:51.443+00,acb95814-3119-4b2f-8f03-5902e5094c9b,
d0fc93a3-b0f0-4f12-9288-f33625d65c6e,,Recria 09,e7625c27-da8d-4ffa-a514-0c191b1fb1e3,ativo,Recria 09,50,"{""type"":""Polygon"",""coordinates"":[[[-47.97903999999999,-24.700000000000003],[-47.97766999999999,-24.700000000000003],[-47.97766999999999,-24.698750000000004],[-47.97903999999999,-24.698750000000004],[-47.97903999999999,-24.700000000000003]]]}",19197.00,2025-12-07 00:16:46.443+00,2025-12-07 00:16:51.443+00,acb95814-3119-4b2f-8f03-5902e5094c9b,
a484c201-3d0f-4f6d-b4b6-53c8708c97f3,,Recria 10,e7625c27-da8d-4ffa-a514-0c191b1fb1e3,ativo,Recria 10,50,"{""type"":""Polygon"",""coordinates"":[[[-47.97766999999999,-24.700000000000003],[-47.97629999999999,-24.700000000000003],[-47.97629999999999,-24.698750000000004],[-47.97766999999999,-24.698750000000004],[-47.97766999999999,-24.700000000000003]]]}",19197.00,2025-12-07 00:17:46.443+00,2025-12-07 00:17:51.443+00,acb95814-3119-4b2f-8f03-5902e5094c9b,
be6eb682-762b-40f0-92b0-c735ffcc7ea7,,Recria 11,e7625c27-da8d-4ffa-a514-0c191b1fb1e3,ativo,Recria 11,50,"{""type"":""Polygon"",""coordinates"":[[[-47.99,-24.698750000000004],[-47.98863,-24.698750000000004],[-47.98863,-24.697500000000005],[-47.99,-24.697500000000005],[-47.99,-24.698750000000004]]]}",19197.00,2025-12-07 00:18:46.443+00,2025-12-07 00:18:51.443+00,acb95814-3119-4b2f-8f03-5902e5094c9b,
57b45361-8eef-40e3-bc8c-0d946d83b5d3,,Recria 12,e7625c27-da8d-4ffa-a514-0c191b1fb1e3,ativo,Recria 12,50,"{""type"":""Polygon"",""coordinates"":[[[-47.98863,-24.698750000000004],[-47.98726,-24.698750000000004],[-47.98726,-24.697500000000005],[-47.98863,-24.697500000000005],[-47.98863,-24.698750000000004]]]}",19197.00,2025-12-07 00:19:46.444+00,2025-12-07 00:19:51.444+00,acb95814-3119-4b2f-8f03-5902e5094c9b,
1d1c45e8-7c2c-4e4d-b942-a28ee24fee97,,Recria 13,e7625c27-da8d-4ffa-a514-0c191b1fb1e3,ativo,Recria 13,50,"{""type"":""Polygon"",""coordinates"":[[[-47.98726,-24.698750000000004],[-47.98589,-24.698750000000004],[-47.98589,-24.697500000000005],[-47.98726,-24.697500000000005],[-47.98726,-24.698750000000004]]]}",19197.00,2025-12-07 00:20:46.444+00,2025-12-07 00:20:51.444+00,acb95814-3119-4b2f-8f03-5902e5094c9b,
25837aa9-47bd-4dbb-a617-003319e7bd8c,,Recria 14,e7625c27-da8d-4ffa-a514-0c191b1fb1e3,ativo,Recria 14,50,"{""type"":""Polygon"",""coordinates"":[[[-47.98589,-24.698750000000004],[-47.984519999999996,-24.698750000000004],[-47.984519999999996,-24.697500000000005],[-47.98589,-24.697500000000005],[-47.98589,-24.698750000000004]]]}",19197.00,2025-12-07 00:21:46.444+00,2025-12-07 00:21:51.444+00,acb95814-3119-4b2f-8f03-5902e5094c9b,
72ffab7e-5190-4d37-a39f-31cdc53e91e0,,Recria 15,e7625c27-da8d-4ffa-a514-0c191b1fb1e3,ativo,Recria 15,50,"{""type"":""Polygon"",""coordinates"":[[[-47.984519999999996,-24.698750000000004],[-47.983149999999995,-24.698750000000004],[-47.983149999999995,-24.697500000000005],[-47.984519999999996,-24.697500000000005],[-47.984519999999996,-24.698750000000004]]]}",19197.00,2025-12-07 00:22:46.444+00,2025-12-07 00:22:51.444+00,acb95814-3119-4b2f-8f03-5902e5094c9b,
a5b87671-1781-46cb-b065-cbfcbb765b01,,Recria 16,e7625c27-da8d-4ffa-a514-0c191b1fb1e3,ativo,Recria 16,50,"{""type"":""Polygon"",""coordinates"":[[[-47.983149999999995,-24.698750000000004],[-47.98177999999999,-24.698750000000004],[-47.98177999999999,-24.697500000000005],[-47.983149999999995,-24.697500000000005],[-47.983149999999995,-24.698750000000004]]]}",19197.00,2025-12-07 00:23:46.444+00,2025-12-07 00:23:51.444+00,acb95814-3119-4b2f-8f03-5902e5094c9b,
a45c8d43-0f72-42da-838b-e91473e3c2a8,,Recria 17,e7625c27-da8d-4ffa-a514-0c191b1fb1e3,ativo,Recria 17,50,"{""type"":""Polygon"",""coordinates"":[[[-47.98177999999999,-24.698750000000004],[-47.98040999999999,-24.698750000000004],[-47.98040999999999,-24.697500000000005],[-47.98177999999999,-24.697500000000005],[-47.98177999999999,-24.698750000000004]]]}",19197.00,2025-12-07 00:24:46.444+00,2025-12-07 00:24:51.444+00,acb95814-3119-4b2f-8f03-5902e5094c9b,
b7362a79-c2e4-4a24-895c-8c2961787e82,,Recria 18,e7625c27-da8d-4ffa-a514-0c191b1fb1e3,ativo,Recria 18,50,"{""type"":""Polygon"",""coordinates"":[[[-47.98040999999999,-24.698750000000004],[-47.97903999999999,-24.698750000000004],[-47.97903999999999,-24.697500000000005],[-47.98040999999999,-24.697500000000005],[-47.98040999999999,-24.698750000000004]]]}",19197.00,2025-12-07 00:25:46.444+00,2025-12-07 00:25:51.444+00,acb95814-3119-4b2f-8f03-5902e5094c9b,
25089172-2d74-4af0-82cf-8f8972b391d1,,Recria 19,e7625c27-da8d-4ffa-a514-0c191b1fb1e3,ativo,Recria 19,50,"{""type"":""Polygon"",""coordinates"":[[[-47.97903999999999,-24.698750000000004],[-47.97766999999999,-24.698750000000004],[-47.97766999999999,-24.697500000000005],[-47.97903999999999,-24.697500000000005],[-47.97903999999999,-24.698750000000004]]]}",19197.00,2025-12-07 00:26:46.444+00,2025-12-07 00:26:51.444+00,acb95814-3119-4b2f-8f03-5902e5094c9b,
498b75cf-2bbb-41d1-83e2-4cb34ae2d785,,Recria 20,e7625c27-da8d-4ffa-a514-0c191b1fb1e3,ativo,Recria 20,50,"{""type"":""Polygon"",""coordinates"":[[[-47.97766999999999,-24.698750000000004],[-47.97629999999999,-24.698750000000004],[-47.97629999999999,-24.697500000000005],[-47.97766999999999,-24.697500000000005],[-47.97766999999999,-24.698750000000004]]]}",19197.00,2025-12-07 00:27:46.444+00,2025-12-07 00:27:51.444+00,acb95814-3119-4b2f-8f03-5902e5094c9b,
a0c89378-e902-441a-8a9f-d785582113d2,,Recria 21,e7625c27-da8d-4ffa-a514-0c191b1fb1e3,ativo,Recria 21,50,"{""type"":""Polygon"",""coordinates"":[[[-47.99,-24.697500000000005],[-47.98863,-24.697500000000005],[-47.98863,-24.696250000000006],[-47.99,-24.696250000000006],[-47.99,-24.697500000000005]]]}",19197.00,2025-12-07 00:28:46.444+00,2025-12-07 00:28:51.444+00,acb95814-3119-4b2f-8f03-5902e5094c9b,
aebb22f8-dbef-4377-bf7d-47347225cd19,,Recria 22,e7625c27-da8d-4ffa-a514-0c191b1fb1e3,ativo,Recria 22,50,"{""type"":""Polygon"",""coordinates"":[[[-47.98863,-24.697500000000005],[-47.98726,-24.697500000000005],[-47.98726,-24.696250000000006],[-47.98863,-24.696250000000006],[-47.98863,-24.697500000000005]]]}",19197.00,2025-12-07 00:29:46.444+00,2025-12-07 00:29:51.444+00,acb95814-3119-4b2f-8f03-5902e5094c9b,
d31e0175-9d2e-4bb8-9b0e-3eeff2729313,,Recria 23,e7625c27-da8d-4ffa-a514-0c191b1fb1e3,ativo,Recria 23,50,"{""type"":""Polygon"",""coordinates"":[[[-47.98726,-24.697500000000005],[-47.98589,-24.697500000000005],[-47.98589,-24.696250000000006],[-47.98726,-24.696250000000006],[-47.98726,-24.697500000000005]]]}",19197.00,2025-12-07 00:30:46.444+00,2025-12-07 00:30:51.444+00,acb95814-3119-4b2f-8f03-5902e5094c9b,
89fc726d-10c8-4648-bef6-715a1938e791,,Recria 24,e7625c27-da8d-4ffa-a514-0c191b1fb1e3,ativo,Recria 24,50,"{""type"":""Polygon"",""coordinates"":[[[-47.98589,-24.697500000000005],[-47.984519999999996,-24.697500000000005],[-47.984519999999996,-24.696250000000006],[-47.98589,-24.696250000000006],[-47.98589,-24.697500000000005]]]}",19197.00,2025-12-07 00:31:46.444+00,2025-12-07 00:31:51.444+00,acb95814-3119-4b2f-8f03-5902e5094c9b,
398110a6-4dec-43c2-9008-2469d37b1d1d,,Recria 25,e7625c27-da8d-4ffa-a514-0c191b1fb1e3,ativo,Recria 25,50,"{""type"":""Polygon"",""coordinates"":[[[-47.984519999999996,-24.697500000000005],[-47.983149999999995,-24.697500000000005],[-47.983149999999995,-24.696250000000006],[-47.984519999999996,-24.696250000000006],[-47.984519999999996,-24.697500000000005]]]}",19197.00,2025-12-07 00:32:46.444+00,2025-12-07 00:32:51.444+00,acb95814-3119-4b2f-8f03-5902e5094c9b,
8de0dbfa-14b3-4ca5-8833-16872f52a121,,Recria 26,e7625c27-da8d-4ffa-a514-0c191b1fb1e3,ativo,Recria 26,50,"{""type"":""Polygon"",""coordinates"":[[[-47.983149999999995,-24.697500000000005],[-47.98177999999999,-24.697500000000005],[-47.98177999999999,-24.696250000000006],[-47.983149999999995,-24.696250000000006],[-47.983149999999995,-24.697500000000005]]]}",19197.00,2025-12-07 00:33:46.444+00,2025-12-07 00:33:51.444+00,acb95814-3119-4b2f-8f03-5902e5094c9b,
78f26edd-33c1-4edc-ba10-7667431aef50,,Recria 27,e7625c27-da8d-4ffa-a514-0c191b1fb1e3,ativo,Recria 27,50,"{""type"":""Polygon"",""coordinates"":[[[-47.98177999999999,-24.697500000000005],[-47.98040999999999,-24.697500000000005],[-47.98040999999999,-24.696250000000006],[-47.98177999999999,-24.696250000000006],[-47.98177999999999,-24.697500000000005]]]}",19197.00,2025-12-07 00:34:46.444+00,2025-12-07 00:34:51.444+00,acb95814-3119-4b2f-8f03-5902e5094c9b,
ecc60dda-0ed4-4828-a52c-f442e6f5a09a,,Recria 28,e7625c27-da8d-4ffa-a514-0c191b1fb1e3,ativo,Recria 28,50,"{""type"":""Polygon"",""coordinates"":[[[-47.98040999999999,-24.697500000000005],[-47.97903999999999,-24.697500000000005],[-47.97903999999999,-24.696250000000006],[-47.98040999999999,-24.696250000000006],[-47.98040999999999,-24.697500000000005]]]}",19197.00,2025-12-07 00:35:46.444+00,2025-12-07 00:35:51.444+00,acb95814-3119-4b2f-8f03-5902e5094c9b,
3269c07e-f65b-42a1-aa37-c9b56bc66e0a,,Recria 29,e7625c27-da8d-4ffa-a514-0c191b1fb1e3,ativo,Recria 29,50,"{""type"":""Polygon"",""coordinates"":[[[-47.97903999999999,-24.697500000000005],[-47.97766999999999,-24.697500000000005],[-47.97766999999999,-24.696250000000006],[-47.97903999999999,-24.696250000000006],[-47.97903999999999,-24.697500000000005]]]}",19197.00,2025-12-07 00:36:46.444+00,2025-12-07 00:36:51.444+00,acb95814-3119-4b2f-8f03-5902e5094c9b,
71677b45-6dcc-4354-a606-28271c60f4a2,,Recria 30,e7625c27-da8d-4ffa-a514-0c191b1fb1e3,ativo,Recria 30,50,"{""type"":""Polygon"",""coordinates"":[[[-47.97766999999999,-24.697500000000005],[-47.97629999999999,-24.697500000000005],[-47.97629999999999,-24.696250000000006],[-47.97766999999999,-24.696250000000006],[-47.97766999999999,-24.697500000000005]]]}",19197.00,2025-12-07 00:37:46.444+00,2025-12-07 00:37:51.444+00,acb95814-3119-4b2f-8f03-5902e5094c9b,